dataResourceUid,dataResourceName,images,dcterms:modified,dcterms:language,dcterms:license,rightsHolder,dcterms:accessRights,dcterms:bibliographicCitation,references,institutionID,collectionID,datasetID,institutionCode,collectionCode,datasetName,ownerInstitutionCode,basisOfRecord,informationWithheld,dataGeneralizations,dynamicProperties,occurrenceID,catalogNumber,recordNumber,recordedBy,individualCount,organismQuantity,organismQuantityType,sex,lifeStage,reproductiveCondition,behavior,establishmentMeans,occurrenceStatus,preparations,disposition,associatedMedia,associatedReferences,associatedTaxa,otherCatalogNumbers,occurrenceRemarks,organismID,organismName,associatedOccurrences,previousIdentifications,organismRemarks,materialSampleID,eventID,parentEventID,fieldNumber,eventDate,eventTime,startDayOfYear,endDayOfYear,year,month,day,verbatimEventDate,habitat,samplingProtocol,samplingEffort,sampleSizeValue,sampleSizeUnit,fieldNotes,eventRemarks,locationID,higherGeographyID,continent,waterBody,islandGroup,island,country,countryCode,stateProvince,county,municipality,locality,verbatimLocality,minimumElevationInMeters,maximumElevationInMeters,verbatimElevation,minimumDepthInMeters,maximumDepthInMeters,verbatimDepth,minimumDistanceAboveSurfaceInMeters,maximumDistanceAboveSurfaceInMeters,locationAccordingTo,locationRemarks,decimalLatitude,decimalLongitude,geodeticDatum,coordinateUncertaintyInMeters,coordinatePrecision,verbatimCoordinates,verbatimLatitude,verbatimLongitude,verbatimCoordinateSystem,verbatimSRS,footprintWKT,footprintSRS,georeferencedDate,georeferenceProtocol,georeferenceSources,georeferenceVerificationStatus,georeferenceRemarks,geologicalContextID,earliestEonOrLowestEonothem,latestEonOrHighestEonothem,earliestEraOrLowestErathem,latestEraOrHighestErathem,earliestPeriodOrLowestSystem,latestPeriodOrHighestSystem,earliestEpochOrLowestSeries,latestEpochOrHighestSeries,earliestAgeOrLowestStage,latestAgeOrHighestStage,lowestBiostratigraphicZone,highestBiostratigraphicZone,lithostratigraphicTerms,group,formation,member,bed,identificationID,identificationQualifier,typeStatus,identifiedBy,dateIdentified,identificationReferences,identificationVerificationStatus,identificationRemarks,taxonID,scientificNameID,acceptedNameUsageID,parentNameUsageID,nameAccordingToID,namePublishedInID,taxonConceptID,raw_scientificName,scientificName,acceptedNameUsage,parentNameUsage,originalNameUsage,nameAccordingTo,namePublishedIn,namePublishedInYear,higherClassification,kingdom,phylum,class,order,family,genus,subgenus,specificEpithet,infraspecificEpithet,taxonRank,verbatimTaxonRank,scientificNameAuthorship,vernacularName,nomenclaturalCode,taxonomicStatus,nomenclaturalStatus,taxonRemarks,measurementDeterminedDate,recordedByID,identifiedByID,videos,species,subfamily,eventType,measurementRemarks,measurementValue,relationshipRemarks,superfamily,relationshipOfResource,measurementMethod,identifier,provenance,sounds,recordID,rights,source,measurementID,measurementType,measurementUnit,measurementDeterminedBy,measurementAccuracy,degreeOfEstablishment,relatedResourceID,images,dcterms:type
dr19123,NatureMapr,5671ebd8-a095-4553-99c1-f672a42b91b0,,,CC-BY 3.0 (Au),,,,,,,,,,,,HUMAN_OBSERVATION,,,"{""conservationLevel"": ""Exotic"", ""sensitivityLevel"": ""Not Sensitive"", ""invasivenessLevel"": ""Major weed or pest"", ""lastConfirmedByUserId"": 4030 ""AttributeId_21"": ""Exotic convolvulus"", ""AttributeId_11"": ""12mm to 25mm""}",https://naturemapr.org/sightings/3871140,3871140,,JanetRussell,2,,,,,,,,PRESENT,,,,,,,,,,253e099e-b5b8-42b8-a108-d9e6b57b4c38,,,,,,,2018-11-11T00:32:00Z,,315,315,2018,11,11,,,,,,,,,,,,,,,Australia,AU,Australian Capital Territory,,,"Molonglo Valley, ACT",,,,623.79,,,,,,,,-35.2883,149.068785,EPSG:4326,,,,,,,,,,,,,,,,,,,,,,,,,,,,,,,,,,,,MichaelMulvaney,2018-11-12T07:33:48,,,,944,,,,,,https://biodiversity.org.au/afd/taxa/4769c422-4a86-4c97-b828-4cd8fb3ac969,Apis mellifera,Apis (Apis) mellifera,,,,,,,,Animalia,Arthropoda,Insecta,Hymenoptera,Apidae,Apis,,,,species,,"Linnaeus, 1758",European Honey Bee,,,,"Insect Bee (Hymenoptera, Apiformes) ",,,,,Apis mellifera,,,,,,,,,,,,6322277f-4de2-4f68-95b0-081bafc9b196,,,,,,,,,,5671ebd8-a095-4553-99c1-f672a42b91b0,
dr1411,iNaturalist Australia,31256d7a-7c94-40a6-8bd2-49c259ad1ec1 | 6cc67db3-a91a-4233-bdac-f2dd3ea3e286 | cdf6d4bf-ff51-490b-8964-c66b87d2297b,2023-01-20T09:49:48Z,,CC-BY-NC 4.0 (Int),Carol Page,,,https://www.inaturalist.org/observations/146803871,,,,iNaturalist,Observations,iNaturalist observations,,HUMAN_OBSERVATION,,,,https://www.inaturalist.org/observations/146803871,146803871,,Carol Page,,,,,,,,,PRESENT,,,,,,,,,,,,,,,,,2022-12-03T14:20:00Z,14:20:00+11:00,337,337,2022,12,3,2022/12/03 2:20 PM,,,,,,,,,,,,,,Australia,AU,Victoria,,,,"Emerald VIC 3782, Australia",,,,,,,,,,,-37.964317,145.395844,EPSG:4326,,,,,,,,,,,,,,,,,,,,,,,,,,,,,,,,,327961669,,,Carol Page,2023-01-18T03:57:25Z,,needs_id,,542680,,,,,,https://biodiversity.org.au/afd/taxa/37a7ed55-159c-4638-849e-19762c1fd0b4,Exoneura,Exoneura,,,,,,,,Animalia,Arthropoda,Insecta,Hymenoptera,Apidae,Exoneura,,,,genus,,"Smith, 1854",,,,,,,,,,,,,,,,,,,,,,4d71be94-2c46-4745-aabd-f5d04a9df9e4,,,,,,,,,,31256d7a-7c94-40a6-8bd2-49c259ad1ec1 | 6cc67db3-a91a-4233-bdac-f2dd3ea3e286 | cdf6d4bf-ff51-490b-8964-c66b87d2297b,
dr1411,iNaturalist Australia,4c8252c0-4c4a-44e2-bc2b-4e24feec6d74 | a664b1ef-29c5-47cf-ad45-abfe8e6a9060,2021-12-08T08:15:59Z,,CC-BY 4.0 (Int),Reiner Richter,,,https://www.inaturalist.org/observations/102703496,,,,iNaturalist,Observations,iNaturalist observations,,HUMAN_OBSERVATION,,,,https://www.inaturalist.org/observations/102703496,102703496,,Reiner Richter,,,,,,,,,PRESENT,,,,,,,,,,,,,,,,,2021-12-02T12:00:00Z,12:00:00+11:00,336,336,2021,12,2,2021/12/02 12:00 PM AEDT,,,,,,,,,,,,,,Australia,AU,Victoria,,,,"Tea Tree Flat, Errinundra NP, VIC AU",,,,,,,,,,,-37.242368,148.835123,EPSG:4326,20.0,,,,,,,,,,,,,,,,,,,,,,,,,,,,,,,,225080934,,,Reiner Richter,2021-12-08T07:04:50Z,,needs_id,,542680,,,,,,https://biodiversity.org.au/afd/taxa/37a7ed55-159c-4638-849e-19762c1fd0b4,Exoneura,Exoneura,,,,,,,,Animalia,Arthropoda,Insecta,Hymenoptera,Apidae,Exoneura,,,,genus,,"Smith, 1854",,,,,,,,,,,,,,,,,,,,,,35d7979c-85a9-4b2b-b0f6-8b28dde2dc0f,,,,,,,,,,4c8252c0-4c4a-44e2-bc2b-4e24feec6d74 | a664b1ef-29c5-47cf-ad45-abfe8e6a9060,
dr19123,NatureMapr,3512fc8b-050b-4978-aff0-bbb8f1133b30 | 7c6aa1da-0879-4218-a47c-7fcdc2978f84 | a70efa05-7968-4fda-82ad-eac06e52dc0a | d8986070-e9bd-415f-9583-303335d73ee5 | ec29df65-d577-4b8f-b3ae-92ea65cab3ea,,,CC-BY 3.0 (Au),,,,,,,,,,,,HUMAN_OBSERVATION,,,"{""conservationLevel"": ""Local native"", ""sensitivityLevel"": ""Not Sensitive"", ""invasivenessLevel"": ""Non-invasive or negligible"", ""lastConfirmedByUserId"": 18405 ""AttributeId_11"": ""5mm to 12mm""}",https://naturemapr.org/sightings/4534083,4534083,,Miranda,,,,,,,,,PRESENT,,,,,,,Just under 1cm. Investigation wall holes including this abandoned wasp nest.,,,,,,,,,,2023-12-05T01:08:00Z,,339,339,2023,12,5,,,,,,,,,,,,,,,Australia,AU,Australian Capital Territory,,,"Holder, ACT",,,,610.27,,,,,,,,-35.335369,149.043219,EPSG:4326,,,,,,,,,,,,,,,,,,,,,,,,,,,,,,,,,,,,michael.batley,2023-12-08T06:15:17,,,,6699,,,,,,https://biodiversity.org.au/afd/taxa/18e66031-4f62-4b50-a92f-f636c9cda27f,Hylaeus (Hylaeorhiza) nubilosus,Hylaeus (Hylaeorhiza) nubilosus,,,,,,,,Animalia,Arthropoda,Insecta,Hymenoptera,Colletidae,Hylaeus,,,,species,,"(Smith, 1853)",Plasterer Bee,,,,"Insect Bee (Hymenoptera, Apiformes) ",,,,,Hylaeus nubilosus,,,,,,,,,,,,78978afb-34fd-406f-8bd0-f37b181ba166,,,,,,,,,,3512fc8b-050b-4978-aff0-bbb8f1133b30 | 7c6aa1da-0879-4218-a47c-7fcdc2978f84 | a70efa05-7968-4fda-82ad-eac06e52dc0a | d8986070-e9bd-415f-9583-303335d73ee5 | ec29df65-d577-4b8f-b3ae-92ea65cab3ea,
dr1411,iNaturalist Australia,0ed61292-c671-4485-ac5b-2d7800dee0a0 | 6b922a16-a246-41a9-8f06-a140b3c36312 | 819f2ff7-2cbe-4efd-85a1-03f479c3f5b1,2025-11-29T01:43:57Z,,CC-BY 4.0 (Int),Reiner Richter,,,https://www.inaturalist.org/observations/199085425,,,,iNaturalist,Observations,iNaturalist observations,,HUMAN_OBSERVATION,,,,https://www.inaturalist.org/observations/199085425,199085425,,Reiner Richter,,,,,,,,,PRESENT,,,,,,,,,,,,,,,,,2024-02-01T09:01:00Z,09:01:00+11:00,32,32,2024,2,1,2024/02/01 9:01 AM,,,,,,,,,,,,,,Australia,AU,Victoria,,,,"Seville VIC 3139, Australia",,,,,,,,,,,-37.77965,145.460987,EPSG:4326,,,,,,,,,,,,,,,,,,,,,,,,,,,,,,,,,450758340,,,Reiner Richter,2024-02-12T08:20:41Z,,needs_id,,133269,,,,,,https://biodiversity.org.au/afd/taxa/a4edddc8-c513-4265-b69b-afc5fcb99b66,Isodontia,Isodontia,,,,,,,,Animalia,Arthropoda,Insecta,Hymenoptera,Sphecidae,Isodontia,,,,genus,,"Patton, 1881",,,,,,,,,,,,,,,,,,,,,,c8f5835e-76b6-4d24-87b4-8f197ff6a3ca,,,,,,,,,,0ed61292-c671-4485-ac5b-2d7800dee0a0 | 6b922a16-a246-41a9-8f06-a140b3c36312 | 819f2ff7-2cbe-4efd-85a1-03f479c3f5b1,
dr1411,iNaturalist Australia,50959fa4-43d2-438b-8d67-cd3296cf4bab,2026-04-04T03:28:04Z,,CC-BY-NC 4.0 (Int),Garry French,,,https://www.inaturalist.org/observations/63621103,,,,iNaturalist,Observations,iNaturalist research-grade observations,,HUMAN_OBSERVATION,,,,https://www.inaturalist.org/observations/63621103,63621103,,Garry French,,,,,,,,,PRESENT,,,,,,,,,,,,,,,,,2020-10-21T11:40:00Z,11:40:00+11:00,295,295,2020,10,21,2020/10/21 11:40 AM AEDT,,,,,,,,,,,,,,Australia,AU,Victoria,,,,"Melbourne VIC, Australia",,,,,,,,,,,-37.633883,145.116163,EPSG:4326,4.0,,,,,,,,,,,,,,,,,,,,,,,,,,,,,,,,138738992,,,Garry French,2020-10-27T07:08:18Z,,research,,47219,,,,,,https://biodiversity.org.au/afd/taxa/4769c422-4a86-4c97-b828-4cd8fb3ac969,Apis mellifera,Apis (Apis) mellifera,,,,,,,,Animalia,Arthropoda,Insecta,Hymenoptera,Apidae,Apis,,,,species,,"Linnaeus, 1758",European Honey Bee,,,,,,,,,Apis mellifera,,,,,,,,,,,,564c8a7f-6a11-4a12-98de-06476354fda5,,,,,,,,,,50959fa4-43d2-438b-8d67-cd3296cf4bab,
dr1411,iNaturalist Australia,edd08353-fd94-4d44-b9ec-6025c57e8969,2023-09-30T21:30:42Z,,CC-BY-NC 4.0 (Int),lw12,,,https://www.inaturalist.org/observations/185237126,,,,iNaturalist,Observations,iNaturalist observations,,HUMAN_OBSERVATION,,,,https://www.inaturalist.org/observations/185237126,185237126,,lw12,,,,,,,,,PRESENT,,,,,,,,,,,,,,,,,2023-09-28T13:48:00Z,13:48:00+10:00,271,271,2023,9,28,2023/09/28 1:48 PM,,,,,,,,,,,,,,Australia,AU,Victoria,,,,"Smiths Gully VIC 3760, Australia",,,,,,,,,,,-37.639266,145.30021,EPSG:4326,15.0,,,,,,,,,,,,,,,,,,,,,,,,,,,,,,,,,,,,,,needs_id,,57678,,,,,,https://biodiversity.org.au/afd/taxa/8609c4ec-3bc5-4dc8-af38-c55f0d6badc6,Lasioglossum,Lasioglossum,,,,,,,,Animalia,Arthropoda,Insecta,Hymenoptera,Halictidae,Lasioglossum,,,,genus,,"Curtis, 1833",,,,,,,,,,,,,,,,,,,,,,38182621-87c1-4f9e-8a06-50c6569e851f,,,,,,,,,,edd08353-fd94-4d44-b9ec-6025c57e8969,
dr1411,iNaturalist Australia,85907001-e55d-4c7f-8fc7-0363ff1db956 | 90a17ec4-7bef-4004-b45d-f43a6dd82bb7 | ee434ddf-820c-4fc9-a2b6-6428fcf11e89,2025-11-29T02:49:43Z,,CC-BY-NC 4.0 (Int),Lee Georgeson,,,https://www.inaturalist.org/observations/262490818,,,,iNaturalist,Observations,iNaturalist observations,,HUMAN_OBSERVATION,,,"{""evidenceOfPresence"":""construction""}",https://www.inaturalist.org/observations/262490818,262490818,,Lee Georgeson,,,,,,,,,PRESENT,,,,,,,,,,,,,,,,,2025-02-10T00:29:14Z,00:29:14+11:00,41,41,2025,2,10,2025-02-10 00:29:14,,,,,,,,,,,,,,Australia,AU,New South Wales,,,,"Burra NSW 2620, Australia",,,,,,,,,,,-35.5799,149.193874,EPSG:4326,126.0,,,,,,,,,,,,,,,,,,,,,,,,,,,,,,,,594572760,,,Julianne,2025-02-21T09:55:54Z,,needs_id,,133269,,,,,,https://biodiversity.org.au/afd/taxa/a4edddc8-c513-4265-b69b-afc5fcb99b66,Isodontia,Isodontia,,,,,,,,Animalia,Arthropoda,Insecta,Hymenoptera,Sphecidae,Isodontia,,,,genus,,"Patton, 1881",,,,,,,,,,,,,,,,,,,,,,3c24c6d3-c870-4f8f-8290-74ccedab52a1,,,,,,,,,,85907001-e55d-4c7f-8fc7-0363ff1db956 | 90a17ec4-7bef-4004-b45d-f43a6dd82bb7 | ee434ddf-820c-4fc9-a2b6-6428fcf11e89,
dr19123,NatureMapr,093f107a-0fb8-4708-b3fc-814d4904b15b | 2c017a7e-2d23-487e-80e4-ab90c6de6625 | 87823133-cf17-4d99-8726-9eab6b5b1bde | e17315bb-a73d-4b73-b213-6687b10b282a,,,CC-BY 3.0 (Au),,,,,,,,,,,,HUMAN_OBSERVATION,,,"{""conservationLevel"": ""Local native"", ""sensitivityLevel"": ""Not Sensitive"", ""invasivenessLevel"": ""Non-invasive or negligible"", ""lastConfirmedByUserId"": 17971 ""AttributeId_21"": ""Lomatia silaifolia"", ""AttributeId_11"": ""5mm to 12mm"", ""AttributeId_87"": ""Alive / healthy"", ""AttributeId_153"": ""Feeding on nectar or pollen"", ""AttributeId_144"": ""True""}",https://naturemapr.org/sightings/4624879,4624879,,HelenCross,,,,,,,,,PRESENT,,,,,,,,,,,,,,,,,2024-12-03T03:23:00Z,,338,338,2024,12,3,,,,,,,,,,,,,,,Australia,AU,Australian Capital Territory,,,"Acton, ACT",,,,0.0,,,,,,,ANBG,-35.275285,149.110243,EPSG:4326,,,,,,,,,,,,,,,,,,,,,,,,,,,,,,,,,,,,PeterA,2024-12-04T10:54:03,,,,7387,,,,,,https://biodiversity.org.au/afd/taxa/5b356f31-b3c6-4673-9b48-40afc2b237b1,Leioproctus (Leioproctus) irroratus,Leioproctus (Leioproctus) irroratus,,,,,,,,Animalia,Arthropoda,Insecta,Hymenoptera,Colletidae,Leioproctus,,,,species,,"(Smith, 1853)",Plasterer Bee,,,,"Insect Bee (Hymenoptera, Apiformes) ",,,,,Leioproctus irroratus,,,,,,,,,,,,5175e90e-4b81-43bb-bac0-1f6b0e2c88f1,,,,,,,,,,093f107a-0fb8-4708-b3fc-814d4904b15b | 2c017a7e-2d23-487e-80e4-ab90c6de6625 | 87823133-cf17-4d99-8726-9eab6b5b1bde | e17315bb-a73d-4b73-b213-6687b10b282a,
dr1411,iNaturalist Australia,37deb53a-a826-4006-9e3d-211c1f1ce07a | 44120cd4-0cf3-40e2-8215-3ec9117e510e | 6e764d6a-68ae-4a1d-8fc4-dc45c3b97c4b | 8e86bdbe-6b8c-4deb-9740-a11ecdf59cb3 | caf3c56e-eeb2-40b1-abcf-b761bc67d1fd,2024-01-12T22:57:47Z,,CC-BY-NC 4.0 (Int),sarah_rdv,,,https://www.inaturalist.org/observations/196343073,,,,iNaturalist,Observations,iNaturalist research-grade observations,,HUMAN_OBSERVATION,,,,https://www.inaturalist.org/observations/196343073,196343073,,sarah_rdv,,,,,,,,,PRESENT,,,,,,,"3 males fighting. There were several others, including females, in nearby flowers.",,,80886184-0ff6-40ff-90fb-0a7dea07b298|19b94efd-e945-4309-8145-2f69433e063a|8f3b8106-1b02-4f55-afe4-4ac4e06a41b8,,,,,,,2024-01-11T13:45:55Z,13:45:55+11:00,11,11,2024,1,11,2024-01-11 13:45:55+11:00,,,,,,,,,,,,,,Australia,AU,Victoria,,,,"C424, Pakenham Upper, VIC, AU",,,,,,,,,,,-37.999944,145.523789,EPSG:4326,23.0,,,,,,,,,,,,,,,,,,,,,,,,,,,,,,,,442276356,,,sarah_rdv,2024-01-11T11:02:27Z,,research,,544366,,,,,,https://biodiversity.org.au/afd/taxa/1771958b-a9df-41bf-9885-1ac18f9609ba,Hylaeus littleri,Hylaeus (Prosopisteron) littleri,,,,,,,,Animalia,Arthropoda,Insecta,Hymenoptera,Colletidae,Hylaeus,,,,species,,"(Cockerell, 1918)",Species Of Yellowfaced Bee,,,,,,,,,Hylaeus littleri,,,,,,,,,,,,118dbd56-140a-46cd-bc7f-c418e36f7808,,,,,,,,,,37deb53a-a826-4006-9e3d-211c1f1ce07a | 44120cd4-0cf3-40e2-8215-3ec9117e510e | 6e764d6a-68ae-4a1d-8fc4-dc45c3b97c4b | 8e86bdbe-6b8c-4deb-9740-a11ecdf59cb3 | caf3c56e-eeb2-40b1-abcf-b761bc67d1fd,
dr19123,NatureMapr,81a9dda1-7078-479a-aaa1-0c1ae6d8c0f1 | e61914e9-8fc9-438c-a2c2-3b17a632f985,,,CC-BY 3.0 (Au),,,,,,,,,,,,HUMAN_OBSERVATION,,,"{""conservationLevel"": ""Exotic"", ""sensitivityLevel"": ""Not Sensitive"", ""invasivenessLevel"": ""Major weed or pest"", ""lastConfirmedByUserId"": 8083 ""AttributeId_21"": ""Pattinson""s Curse"", ""AttributeId_11"": ""12mm to 25mm""}",https://naturemapr.org/sightings/4711544,4711544,,HappyWanderer,,,,,,,,,PRESENT,,,,,,,,,,,,,,,,,2025-11-13T23:46:00Z,,317,317,2025,11,13,,,,,,,,,,,,,,,Australia,AU,Australian Capital Territory,,,"Watson, ACT",,,,0.0,,,,,,,Mount Majura;Diuris aequalis target area,-35.223331,149.173067,EPSG:4326,,,,,,,,,,,,,,,,,,,,,,,,,,,,,,,,,,,,MichaelBedingfield,2025-11-17T20:10:20,,,,944,,,,,,https://biodiversity.org.au/afd/taxa/4769c422-4a86-4c97-b828-4cd8fb3ac969,Apis mellifera,Apis (Apis) mellifera,,,,,,,,Animalia,Arthropoda,Insecta,Hymenoptera,Apidae,Apis,,,,species,,"Linnaeus, 1758",European Honey Bee,,,,"Insect Bee (Hymenoptera, Apiformes) ",,,,,Apis mellifera,,,,,,,,,,,,843b1f6c-5447-4007-9036-2616f4c99658,,,,,,,,,,81a9dda1-7078-479a-aaa1-0c1ae6d8c0f1 | e61914e9-8fc9-438c-a2c2-3b17a632f985,
dr19123,NatureMapr,c3c926a1-85b2-4661-ad14-8415bdf5fe19,,,CC-BY 3.0 (Au),,,,,,,,,,,,HUMAN_OBSERVATION,,,"{""conservationLevel"": ""Exotic"", ""sensitivityLevel"": ""Not Sensitive"", ""invasivenessLevel"": ""Non-invasive or negligible"", ""lastConfirmedByUserId"": 18405 ""AttributeId_21"": ""Echinops"", ""AttributeId_11"": ""5mm to 12mm"", ""AttributeId_149"": ""Resting""}",https://naturemapr.org/sightings/4454647,4454647,,Eland,1,,,,,,,,PRESENT,,,,,,,,,,,,,,,,,2022-11-16T22:04:00Z,,320,320,2022,11,16,,,,,,,,,,,,,,,Australia,AU,New South Wales,,,"Karabar, NSW",,,,0.0,,,,,,,,-35.367559,149.219661,EPSG:4326,,,,,,,,,,,,,,,,,,,,,,,,,,,,,,,,,,,,michael.batley,2022-11-17T11:21:24,,,,11128,,,,,,https://biodiversity.org.au/afd/taxa/8ad6ce70-d237-49ae-b95e-45f9c676c5af,Pseudoanthidium (Immanthidium) repetitum,Pseudoanthidium (Immanthidium) repetitum,,,,,,,,Animalia,Arthropoda,Insecta,Hymenoptera,Megachilidae,Pseudoanthidium,,,,species,,"(Schulz, 1906)",,,,,"Insect Bee (Hymenoptera, Apiformes) ",,,,,Pseudoanthidium repetitum,,,,,,,,,,,,0ddc418e-d266-4076-990d-5c88783fdfee,,,,,,,,,,c3c926a1-85b2-4661-ad14-8415bdf5fe19,
dr893,BowerBird,d20f1b63-424d-4484-8497-7c4fd3e6f87e,,,Creative Commons - license at record level,,,,,,,,,,,,OBSERVATION,,,"{""bowerbirdObserverID"":""546""}",,,http://www.bowerbird.org.au/observations/12860,Linda Rogan,,,,,,,,,PRESENT,,,,,,,Lipotriches australica roosting on Sweet Bursaria,,,,,,,,,12860,2014-02-01T00:00:00Z,09:18:36,32,32,2014,2,1,2014-02-01T09:18:36,,,,,,,,,,,,,,Australia,AU,Victoria,,,"30 Karingal Drive, Eltham VIC 3095, Australia",,,,,,,,,,,,-37.709208,145.132921,EPSG:4326,,,,,,,,,,,,,,,,,,,,,,,,,,,,,,,,,,,,Linda Rogan,,,,,,,,,,,https://biodiversity.org.au/afd/taxa/bcd036d2-5252-440b-9ba2-238f03ed5171,Lipotriches Austronomia,Lipotriches,,,,,,,,Animalia,Arthropoda,Insecta,Hymenoptera,Halictidae,Lipotriches,Austronomia,australica,,genus,,"Gerstaecker, 1858",,,,,,,,,,,,,,,,,,,,Individual sightings,,19f95418-4716-4c6f-9939-9af92d3ac02c,,,,,,,,,,d20f1b63-424d-4484-8497-7c4fd3e6f87e,
dr1411,iNaturalist Australia,4779b956-6607-4422-82d9-9e72bf7f9814 | 7e486648-c37b-4292-9669-e6454f451713 | 89420d92-b93f-4d0e-99cf-85955f4e54d2,2026-04-11T02:42:56Z,,CC-BY 4.0 (Int),QuestaGame,,,https://www.inaturalist.org/observations/16413074,,,,iNaturalist,Observations,iNaturalist research-grade observations,,HUMAN_OBSERVATION,,,,https://www.inaturalist.org/observations/16413074,16413074,,QuestaGame,,,,,,,,,PRESENT,,,,,,,Sighting and photos (c) paul_farrell.,,,,,,,,,,2018-09-11T16:06:00Z,16:06:00+10:00,254,254,2018,9,11,2018-09-11T16:06,,,,,,,,,,,,,,Australia,AU,Victoria,,,,"Victoria, AU",,,,,,,,,,,-37.601452,145.273498,EPSG:4326,28359.0,,,,,,,,,,,,,,,,,,,,,,,,,,,,,,,,37614590,,,Reiner Richter,2018-10-16T08:56:57Z,,research,,47219,,,,,,https://biodiversity.org.au/afd/taxa/4769c422-4a86-4c97-b828-4cd8fb3ac969,Apis mellifera,Apis (Apis) mellifera,,,,,,,,Animalia,Arthropoda,Insecta,Hymenoptera,Apidae,Apis,,,,species,,"Linnaeus, 1758",European Honey Bee,,,,,,,,,Apis mellifera,,,,,,,,,,,,93899de3-c33c-43e7-bbe1-0c16fe64120f,,,,,,,,,,4779b956-6607-4422-82d9-9e72bf7f9814 | 7e486648-c37b-4292-9669-e6454f451713 | 89420d92-b93f-4d0e-99cf-85955f4e54d2,
dr1411,iNaturalist Australia,6a5a483b-a4b9-49a5-b681-3233f387f921 | 8a00d2c5-c300-46c0-a35b-2e846414da03 | d505541f-9eae-45e3-896f-0695de75ae3d,2026-04-12T13:48:09Z,,CC-BY-NC 4.0 (Int),deborod,,,https://www.inaturalist.org/observations/31469969,,,,iNaturalist,Observations,iNaturalist observations,,HUMAN_OBSERVATION,,,,https://www.inaturalist.org/observations/31469969,31469969,,deborod,,,,,,,,,PRESENT,,,,,,,,,,,,,,,,,2018-03-15T13:13:00Z,13:13:00+11:00,74,74,2018,3,15,2018/03/15 1:13 PM AEDT,,,,,,,,,,,,,,Australia,AU,Australian Capital Territory,,,,"ANBG, ACT, Australia",,,,,,,,,,,-35.276227,149.109638,EPSG:4326,,,,,,,,,,,,,,,,,,,,,,,,,,,,,,,,,75659089,,,John S. Ascher,2019-10-25T06:57:45Z,,needs_id,,577734,,,,,,https://biodiversity.org.au/afd/taxa/e51493da-f6a2-415a-bd0c-88422f1388f6,Austronomia,Lipotriches (Austronomia),,,,,,,,Animalia,Arthropoda,Insecta,Hymenoptera,Halictidae,Lipotriches,,,,subgenus,,"Michener, 1965",,,,,,,,https://orcid.org/0000-0002-7887-2461,,,,,,,,,,,,,,0e9f0389-ae07-4ab4-932a-2d6c8c13ff79,,,,,,,,,,6a5a483b-a4b9-49a5-b681-3233f387f921 | 8a00d2c5-c300-46c0-a35b-2e846414da03 | d505541f-9eae-45e3-896f-0695de75ae3d,
dr1411,iNaturalist Australia,31d42d8d-3cae-440b-909a-23fa7b29a483,2025-11-07T06:16:16Z,,CC-BY-NC 4.0 (Int),uguess,,,https://www.inaturalist.org/observations/324468084,,,,iNaturalist,Observations,iNaturalist observations,,HUMAN_OBSERVATION,,,,https://www.inaturalist.org/observations/324468084,324468084,,uguess,,,,,,,,,PRESENT,,,,,,,,,,,,,,,,,2023-01-14T18:44:11Z,18:44:11+11:00,14,14,2023,1,14,2023-01-14 18:44:11,,,,,,,,,,,,,,Australia,AU,Australian Capital Territory,,,,"Pomeroy St, Dunlop, ACT, AU",,,,,,,,,,,-35.202255,149.013839,EPSG:4326,8.0,,,,,,,,,,,,,,,,,,,,,,,,,,,,,,,,,,,,,,needs_id,,57678,,,,,,https://biodiversity.org.au/afd/taxa/8609c4ec-3bc5-4dc8-af38-c55f0d6badc6,Lasioglossum,Lasioglossum,,,,,,,,Animalia,Arthropoda,Insecta,Hymenoptera,Halictidae,Lasioglossum,,,,genus,,"Curtis, 1833",,,,,,,,,,,,,,,,,,,,,,4d917ee2-b04c-4f64-b261-d63d65eb32d3,,,,,,,,,,31d42d8d-3cae-440b-909a-23fa7b29a483,
dr1411,iNaturalist Australia,0d6b2c3f-bc4e-4685-ada4-0a7ef7a5d0ff | b643ec86-8fde-4e8d-a665-7b8ecde9ac18,2026-03-25T09:41:07Z,,CC-BY 4.0 (Int),Reiner Richter,,,https://www.inaturalist.org/observations/98465123,,,,iNaturalist,Observations,iNaturalist research-grade observations,,HUMAN_OBSERVATION,,,,https://www.inaturalist.org/observations/98465123,98465123,,Reiner Richter,,,,,,,,,PRESENT,,,,,,,,,,,,,,,,,2021-10-17T14:17:00Z,14:17:00+11:00,290,290,2021,10,17,2021/10/17 2:17 PM AEDT,,,,,,,,,,,,,,Australia,AU,Victoria,,,,"Monbulk VIC 3793, Australia",,,,,,,,,,,-37.878105,145.448737,EPSG:4326,,,,,,,,,,,,,,,,,,,,,,,,,,,,,,,,,214427693,,,Reiner Richter,2021-10-17T07:25:58Z,,research,,47219,,,,,,https://biodiversity.org.au/afd/taxa/4769c422-4a86-4c97-b828-4cd8fb3ac969,Apis mellifera,Apis (Apis) mellifera,,,,,,,,Animalia,Arthropoda,Insecta,Hymenoptera,Apidae,Apis,,,,species,,"Linnaeus, 1758",European Honey Bee,,,,,,,,,Apis mellifera,,,,,,,,,,,,2fdc02de-354d-4553-a86c-297530f33a05,,,,,,,,,,0d6b2c3f-bc4e-4685-ada4-0a7ef7a5d0ff | b643ec86-8fde-4e8d-a665-7b8ecde9ac18,
dr1411,iNaturalist Australia,042c6db1-457b-4543-8a6e-c99c903e2bca | 8d411f08-d728-4aee-8601-1bd05925e144 | fde668f5-fe02-41ff-96df-e820e8963ed9,2026-01-07T00:46:51Z,,CC-BY 4.0 (Int),Suushathet,,,https://www.inaturalist.org/observations/132542488,,,,iNaturalist,Observations,iNaturalist research-grade observations,,HUMAN_OBSERVATION,,,"{""evidenceOfPresence"":""organism""}",https://www.inaturalist.org/observations/132542488,132542488,,Suushathet,,,,,"{""concept"": ""Adult"", ""lineage"": [""Adult""]}",,,,PRESENT,,,,,,,,,,a5917f5e-6b78-4679-9e13-0eb810b13cc4,,,,,,,2022-08-28T11:23:57Z,11:23:57+10:00,240,240,2022,8,28,Sun Aug 28 2022 11:23:57 GMT+1000 (GMT+10),,,,,,,,,,,,,,Australia,AU,Australian Capital Territory,,,,"Cowper St, Ainslie, ACT, AU",,,,,,,,,,,-35.264826,149.139473,EPSG:4326,19.0,,,,,,,,,,,,,,,,,,,,,,,,,,,,,,,,297909807,,,John S. Ascher,2022-09-16T09:52:46Z,,research,,47219,,,,,,https://biodiversity.org.au/afd/taxa/4769c422-4a86-4c97-b828-4cd8fb3ac969,Apis mellifera,Apis (Apis) mellifera,,,,,,,,Animalia,Arthropoda,Insecta,Hymenoptera,Apidae,Apis,,,,species,,"Linnaeus, 1758",European Honey Bee,,,,,,,https://orcid.org/0000-0002-7887-2461,,Apis mellifera,,,,,,,,,,,,718d4ef8-7a89-4109-b895-3859d3f3e8c4,,,,,,,,,,042c6db1-457b-4543-8a6e-c99c903e2bca | 8d411f08-d728-4aee-8601-1bd05925e144 | fde668f5-fe02-41ff-96df-e820e8963ed9,
dr1411,iNaturalist Australia,0c56d511-aa61-4e3f-8273-6c25b4473445,2026-03-28T06:41:54Z,,CC-BY-NC 4.0 (Int),MangoCrow,,,https://www.inaturalist.org/observations/345588989,,,,iNaturalist,Observations,iNaturalist observations,,HUMAN_OBSERVATION,,,,https://www.inaturalist.org/observations/345588989,345588989,,MangoCrow,,,,,,,,,PRESENT,,,,,,,,,,,,,,,,,2026-03-28T12:39:00Z,12:39:00+11:00,87,87,2026,3,28,2026/03/28 12:39 PM,,,,,,,,,,,,,,Australia,AU,Australian Capital Territory,,,,"Canberra Central, ACT, Australia",,,,,,,,,,,-35.254709,149.155704,EPSG:4326,122.0,,,,,,,,,,,,,,,,,,,,,,,,,,,,,,,,,,,,,,needs_id,,415012,,,,,,https://biodiversity.org.au/afd/taxa/f5d9bddd-e3cd-41fc-8a09-d90726d90304,Eutricharaea,Megachile (Eutricharaea),,,,,,,,Animalia,Arthropoda,Insecta,Hymenoptera,Megachilidae,Megachile,,,,subgenus,,"Thomson, 1872",,,,,,,,,,,,,,,,,,,,,,c33a67c8-f7ce-4844-9612-02e79a66a79c,,,,,,,,,,0c56d511-aa61-4e3f-8273-6c25b4473445,
dr1411,iNaturalist Australia,c97a2676-59f6-4b76-9dce-f8b824c4e5f3,2025-04-14T07:13:16Z,,CC-BY-NC 4.0 (Int),Lyn Craggs,,,https://www.inaturalist.org/observations/267005378,,,,iNaturalist,Observations,iNaturalist research-grade observations,,HUMAN_OBSERVATION,,,,https://www.inaturalist.org/observations/267005378,267005378,,Lyn Craggs,,,,,,,,,PRESENT,,,,,,,,,,216b725f-7a5f-479e-9898-17f4bef2e4c3,,,,,,,2025-03-26T00:00:00Z,,85,85,2025,3,26,2025/03/26,,,,,,,,,,,,,,Australia,AU,Australian Capital Territory,,,,"Belconnen, ACT, Australia",,,,,,,,,,,-35.218082,149.060476,EPSG:4326,59.0,,,,,,,,,,,,,,,,,,,,,,,,,,,,,,,,605324535,,,Lyn Craggs,2025-03-26T04:29:15Z,,research,,1437372,,,,,,https://biodiversity.org.au/afd/taxa/aa5001eb-6656-4e3c-ab08-08681ff0c3ac,Megachile maculariformis,Megachile (Eutricharaea) maculariformis,,,,,,,,Animalia,Arthropoda,Insecta,Hymenoptera,Megachilidae,Megachile,,,,species,,"Cockerell, 1907",Bee,,,,,,,,,Megachile maculariformis,,,,,,,,,,,,16ef97e0-f0cd-4863-8089-d49970225f9c,,,,,,,,,,c97a2676-59f6-4b76-9dce-f8b824c4e5f3,
dr1411,iNaturalist Australia,2bcb70fa-19b6-46a2-ba3d-049aa736d22b | 4207380d-d1ef-44e5-aa1d-9037a448bbe3 | 5deaf345-c593-453c-a36b-c1ad1e32d97a | 7965b611-dcd8-4291-be94-cab264d2816f | 8eac520f-e302-4756-b576-27402835b6aa | c0bff007-f624-4732-b22e-ed0017b7b501 | c1cc8ff5-e031-48c3-8534-7046758c6f4a | df507902-9cf9-4be7-8231-eca6cbfe51a6 | e9d2e871-8c79-4561-bae9-548c341afc43 | eeea67a3-8436-42e6-9c77-f434e2222982,2024-11-04T09:45:41Z,,CC-BY-NC 4.0 (Int),heidi_d,,,https://www.inaturalist.org/observations/71109083,,,,iNaturalist,Observations,iNaturalist research-grade observations,,HUMAN_OBSERVATION,,,,https://www.inaturalist.org/observations/71109083,71109083,,heidi_d,,,,,,,,,PRESENT,,,,,,,,,,cf812037-75b8-4697-9dd8-68b590e36861,,,,,,,2021-03-13T14:59:01Z,14:59:01+11:00,72,72,2021,3,13,2021-03-13 2:59:01 PM GMT+11:00,,,,,,,,,,,,,,Australia,AU,New South Wales,,,,"Bocoble NSW 2850, Australia",,,,,,,,,,,-32.799907,149.737189,EPSG:4326,4901.0,,,,,,,,,,,,,,,,,,,,,,,,,,,,,,,,453517699,,,Asaph Whelan,2024-02-22T06:56:49Z,,research,,893643,,,,,,https://biodiversity.org.au/afd/taxa/07f58117-3294-4832-8a16-95392d4e1b64,Hylaeus rotundiceps,Hylaeus (Euprosopoides) rotundiceps,,,,,,,,Animalia,Arthropoda,Insecta,Hymenoptera,Colletidae,Hylaeus,,,,species,,"(Smith, 1879)",Plasterer Bee,,,,,,,,,Hylaeus rotundiceps,,,,,,,,,,,,4d2c782e-20fb-4e9f-b960-d6f105bef1e5,,,,,,,,,,2bcb70fa-19b6-46a2-ba3d-049aa736d22b | 4207380d-d1ef-44e5-aa1d-9037a448bbe3 | 5deaf345-c593-453c-a36b-c1ad1e32d97a | 7965b611-dcd8-4291-be94-cab264d2816f | 8eac520f-e302-4756-b576-27402835b6aa | c0bff007-f624-4732-b22e-ed0017b7b501 | c1cc8ff5-e031-48c3-8534-7046758c6f4a | df507902-9cf9-4be7-8231-eca6cbfe51a6 | e9d2e871-8c79-4561-bae9-548c341afc43 | eeea67a3-8436-42e6-9c77-f434e2222982,
dr1411,iNaturalist Australia,3b86f8c5-7622-4f17-b647-aa69916e4c40 | ed36131b-250c-4b11-b80a-3efa0bea1737,2023-05-28T14:16:23Z,,CC-BY-NC 4.0 (Int),Kate Farkas,,,https://www.inaturalist.org/observations/164146019,,,,iNaturalist,Observations,iNaturalist observations,,HUMAN_OBSERVATION,,,,https://www.inaturalist.org/observations/164146019,164146019,,Kate Farkas,,,,,,,,,PRESENT,,,,,,,,,,,,,,,,,2022-11-10T18:57:35Z,18:57:35+11:00,314,314,2022,11,10,2022-11-10 18:57:35+11:00,,,,,,,,,,,,,,Australia,AU,Australian Capital Territory,,,,Australia,,,,,,,,,,,-35.204517,149.118069,EPSG:4326,28706.0,,,,,,,,,,,,,,,,,,,,,,,,,,,,,,,,368176334,,,Karen Retra,2023-05-28T07:47:17Z,,needs_id,,415214,,,,,,https://biodiversity.org.au/afd/taxa/bb5263c1-aa3e-4dfa-9489-88af00cccfe7,Chilalictus,Lasioglossum (Chilalictus),,,,,,,,Animalia,Arthropoda,Insecta,Hymenoptera,Halictidae,Lasioglossum,,,,subgenus,,"Michener, 1965",,,,,,,,,,,,,,,,,,,,,,6da89afc-99e5-49b8-b0c2-f1a7a42858e8,,,,,,,,,,3b86f8c5-7622-4f17-b647-aa69916e4c40 | ed36131b-250c-4b11-b80a-3efa0bea1737,
dr1411,iNaturalist Australia,e56b15c3-2ba5-4ff5-8c32-3231263d64c3,2026-04-11T03:04:02Z,,CC-BY 4.0 (Int),Reiner Richter,,,https://www.inaturalist.org/observations/25723524,,,,iNaturalist,Observations,iNaturalist observations,,HUMAN_OBSERVATION,,,,https://www.inaturalist.org/observations/25723524,25723524,,Reiner Richter,,,,,,,,,PRESENT,,,,,,,"Red Rumped Bee (?Lasioglossum hiltacum) Identified as Lasioglossum Parasphecodes hiltacum on <a href=""http://www.bowerbird.org.au/observations/71515"">Bowerbird</a> by Ken Walker",,,,,,,,,,2016-09-24T00:00:00Z,,268,268,2016,9,24,2016-09-24,,,,,,,,,,,,,,Australia,AU,Victoria,,,,"Cardinia Reservoir Access Rd, Emerald VIC 3782, Australia",,,,,,,,,,,-37.973878,145.396961,EPSG:4326,,,,,,,,,,,,,,,,,,,,,,,,,,,,,,,,,,,,,,,needs_id,,578158,,,,,,https://biodiversity.org.au/afd/taxa/b6de4600-515d-4723-a345-8a5bb42b29cf,Lasioglossum hiltacus,Lasioglossum (Parasphecodes) hiltacus,,,,,,,,Animalia,Arthropoda,Insecta,Hymenoptera,Halictidae,Lasioglossum,,,,species,,"(Smith, 1853)",,,,,,,,,,Lasioglossum hiltacus,,,,,,,,,,,,da0ab2fa-6319-4d86-85e8-a5fa437340a0,,,,,,,,,,e56b15c3-2ba5-4ff5-8c32-3231263d64c3,
dr1411,iNaturalist Australia,002e4134-535e-4a69-8ca8-1b7d2036275f | 0e783ca8-bb23-47c4-9475-2485fa18f0c2 | 3fe428bf-9879-48ba-bd43-d257b4481368 | aff3df8e-15f2-47e7-89b5-35d60c9218fa | cf549908-0e58-4e7c-965c-c5d294e5f829 | dd01401b-24f0-42f3-aa2c-f97436b46869 | f52bb692-3ad1-4936-aee2-11f1256b8642,2026-05-01T04:01:19Z,,CC-BY-NC 4.0 (Int),sarah_rdv,,,https://www.inaturalist.org/observations/355107077,,,,iNaturalist,Observations,iNaturalist research-grade observations,,HUMAN_OBSERVATION,,,,https://www.inaturalist.org/observations/355107077,355107077,,sarah_rdv,,,,FEMALE,"{""concept"": ""Adult"", ""lineage"": [""Adult""]}",,,,PRESENT,,,,,,,"Pic 2: blue circle is her in the hole, red circles are 4 of the over SEVEN 😳 carrot wasps waiting for her to emerge. In a nearby tree another female was exiting a hole that a carrot wasp was blocking. I caught her angry buzzing in a video. The carrot wasps are out in full force at the moment and the C. Picta are very prolific this year as well.",,,05338516-f93c-4ba8-9a85-2230546c213d,,,,,,,2026-04-27T15:22:04Z,15:22:04+10:00,117,117,2026,4,27,2026-04-27 15:22:04+10:00,,,,,,,,,,,,,,Australia,AU,Victoria,,,,"Gembrook Rd, Pakenham Upper, VIC, AU",,,,,,,,,,,-38.000808,145.523299,EPSG:4326,13.0,,,,,,,,,,,,,,,,,,,,,,,,,,,,,,,,798550536,,,sarah_rdv,2026-04-27T07:27:23Z,,research,,636893,,,,,,https://biodiversity.org.au/afd/taxa/5752bebf-82be-41c3-91f4-6f58eb8a6961,Callomelitta picta,Callomelitta picta,,,,,,,,Animalia,Arthropoda,Insecta,Hymenoptera,Colletidae,Callomelitta,,,,species,,"Smith, 1853",Plasterer Bee,,,,,,,,,Callomelitta picta,,,,,,,,,,,,0d21235e-c67c-4ea3-bd85-3777a2777186,,,,,,,,,,002e4134-535e-4a69-8ca8-1b7d2036275f | 0e783ca8-bb23-47c4-9475-2485fa18f0c2 | 3fe428bf-9879-48ba-bd43-d257b4481368 | aff3df8e-15f2-47e7-89b5-35d60c9218fa | cf549908-0e58-4e7c-965c-c5d294e5f829 | dd01401b-24f0-42f3-aa2c-f97436b46869 | f52bb692-3ad1-4936-aee2-11f1256b8642,
dr1411,iNaturalist Australia,5d140c87-fb5a-42b2-9fc1-1bb5c41c088a | f50b61ef-a7d3-47fb-8078-1810888e8456,2023-12-21T20:14:33Z,,CC-BY-NC 4.0 (Int),Carmen Rodda,,,https://www.inaturalist.org/observations/194417604,,,,iNaturalist,Observations,iNaturalist observations,,HUMAN_OBSERVATION,,,,https://www.inaturalist.org/observations/194417604,194417604,,Carmen Rodda,,,,,,,,,PRESENT,,,,,,,Approx 12mm in length,,,,,,,,,,2023-12-16T15:29:00Z,15:29:00+11:00,350,350,2023,12,16,2023/12/16 3:29 PM,,,,,,,,,,,,,,Australia,AU,Victoria,,,,"Selby VIC 3159, Australia",,,,,,,,,,,-37.922021,145.370775,EPSG:4326,187.0,,,,,,,,,,,,,,,,,,,,,,,,,,,,,,,,436582281,,,"Milo ""Bulle"" van Loon",2023-12-20T22:23:05Z,,needs_id,,368724,,,,,,https://biodiversity.org.au/afd/taxa/9f43b920-1cbe-49a4-af45-b2cc2edbd0d9,Pison,Pison,,,,,,,,Animalia,Arthropoda,Insecta,Hymenoptera,Crabronidae,Pison,,,,genus,,"Jurine, 1808",,,,,,,,,,,,,,,,,,,,,,3596771c-9446-4877-a0a9-ac93f76430d8,,,,,,,,,,5d140c87-fb5a-42b2-9fc1-1bb5c41c088a | f50b61ef-a7d3-47fb-8078-1810888e8456,
dr1411,iNaturalist Australia,2b36f827-bf6a-4e33-ae0e-509f686bf2f2 | 75ae5c70-d899-4ca2-9ae1-b7c5c273d155,2025-10-11T03:14:31Z,,CC-BY 4.0 (Int),Reiner Richter,,,https://www.inaturalist.org/observations/25716727,,,,iNaturalist,Observations,iNaturalist observations,,HUMAN_OBSERVATION,,,,https://www.inaturalist.org/observations/25716727,25716727,,Reiner Richter,,,,,,,,,PRESENT,,,,,,,"Late-Season Red Bee Identified as Lasioglossum Parasphecodes sulthicum on <a href=""http://www.bowerbird.org.au/observations/110627"">Bowerbird</a> by Ken Walker",,,,,,,,,,2018-04-10T00:00:00Z,,100,100,2018,4,10,2018-04-10,,,,,,,,,,,,,,Australia,AU,Victoria,,,,"Stonehurst Cottage, 326 Upper Dargo Rd, Dargo VIC 3862, Australia",,,,,,,,,,,-37.409809,147.264135,EPSG:4326,,,,,,,,,,,,,,,,,,,,,,,,,,,,,,,,,,,,,,,needs_id,,894230,,,,,,https://biodiversity.org.au/afd/taxa/ab2322a7-9809-4c60-8a36-bcdb3cdf87d2,Lasioglossum sulthica,Lasioglossum (Parasphecodes) sulthica,,,,,,,,Animalia,Arthropoda,Insecta,Hymenoptera,Halictidae,Lasioglossum,,,,species,,"(Smith, 1853)",,,,,,,,,,Lasioglossum sulthica,,,,,,,,,,,,7b51ceab-57ba-42c7-909e-e498032b7a03,,,,,,,,,,2b36f827-bf6a-4e33-ae0e-509f686bf2f2 | 75ae5c70-d899-4ca2-9ae1-b7c5c273d155,
dr1411,iNaturalist Australia,031fcbb5-dfda-4ee3-bca7-e6b9ca2cbf73 | 6f5a4370-0270-495a-9133-d0c2b26b625b | c02f5731-5b63-4a7b-ba99-5ae989e4ab88,2023-12-20T08:42:08Z,,CC-BY-NC 4.0 (Int),Bunyip,,,https://www.inaturalist.org/observations/37222810,,,,iNaturalist,Observations,iNaturalist observations,,HUMAN_OBSERVATION,,,,https://www.inaturalist.org/observations/37222810,37222810,,Bunyip,,,,,,,,,PRESENT,,,,,,,,,,,,,,,,,2020-01-03T06:34:00Z,06:34:00+11:00,3,3,2020,1,3,2020/01/03 6:34 AM AEDT,,,,,,,,,,,,,,Australia,AU,Victoria,,,,"Melbourne VIC, Australia",,,,,,,,,,,-37.773987,145.224933,EPSG:4326,61.0,,,,,,,,,,,,,,,,,,,,,,,,,,,,,,,,82512015,,,John S. Ascher,2020-01-04T05:13:58Z,,needs_id,note long petiole and large 2SM cell,133269,,,,,,https://biodiversity.org.au/afd/taxa/a4edddc8-c513-4265-b69b-afc5fcb99b66,Isodontia,Isodontia,,,,,,,,Animalia,Arthropoda,Insecta,Hymenoptera,Sphecidae,Isodontia,,,,genus,,"Patton, 1881",,,,,,,,https://orcid.org/0000-0002-7887-2461,,,,,,,,,,,,,,8a33215c-e1ee-4c4d-b3dc-466f02ca590e,,,,,,,,,,031fcbb5-dfda-4ee3-bca7-e6b9ca2cbf73 | 6f5a4370-0270-495a-9133-d0c2b26b625b | c02f5731-5b63-4a7b-ba99-5ae989e4ab88,
dr19123,NatureMapr,01f3300b-04d8-4524-b326-7ca3d4e84899 | 6095f374-ad87-4a57-936a-0b5fa2173ed2 | d60ea9d2-cf3c-4175-a7d4-346cabb130ac,,,CC-BY 3.0 (Au),,,,,,,,,,,,HUMAN_OBSERVATION,,,"{""conservationLevel"": ""Local native"", ""sensitivityLevel"": ""Not Sensitive"", ""invasivenessLevel"": ""Non-invasive or negligible"", ""lastConfirmedByUserId"": 30325 ""AttributeId_21"": ""Salvia"", ""AttributeId_11"": ""12mm to 25mm"", ""AttributeId_153"": ""Feeding on nectar or pollen""}",https://naturemapr.org/sightings/4568373,4568373,,Miranda,,,,,,,,,PRESENT,,,,,,,Robbing nectar I think.,,,,,,,,,,2024-04-17T05:21:00Z,,108,108,2024,4,17,,,,,,,,,,,,,,,Australia,AU,Australian Capital Territory,,,"Holder, ACT",,,,607.0,,,,,,,,-35.3352,149.04325,EPSG:4326,,,,,,,,,,,,,,,,,,,,,,,,,,,,,,,,,,,,DiBickers,2025-02-24T08:22:47,,,,621,,,,,,https://biodiversity.org.au/afd/taxa/0b21ed64-7e04-4b8e-8354-cadaadcb62bc,Amegilla sp. (genus),Amegilla,,,,,,,,Animalia,Arthropoda,Insecta,Hymenoptera,Apidae,Amegilla,,,,genus,,"Friese, 1897",,,,,"Insect Bee (Hymenoptera, Apiformes) ",,,,,,,,,,,,,,,,,4df638cd-7863-4ff8-82d4-8ed879d6c2b3,,,,,,,,,,01f3300b-04d8-4524-b326-7ca3d4e84899 | 6095f374-ad87-4a57-936a-0b5fa2173ed2 | d60ea9d2-cf3c-4175-a7d4-346cabb130ac,
dr19123,NatureMapr,4edcc0f0-7b18-4e4a-ae61-71f8554e0369 | bc8921a0-6f35-49f7-9e84-f108fa324f0c,,,CC-BY 3.0 (Au),,,,,,,,,,,,HUMAN_OBSERVATION,,,"{""conservationLevel"": ""Local native"", ""sensitivityLevel"": ""Not Sensitive"", ""invasivenessLevel"": ""Non-invasive or negligible"", ""lastConfirmedByUserId"": 18405 ""AttributeId_21"": ""Salvia Azurea"", ""AttributeId_11"": ""5mm to 12mm"", ""AttributeId_15"": ""Male""}",https://naturemapr.org/sightings/4197501,4197501,,Graeme,,,,,,,,,PRESENT,,,,,,,,,,,,,,,,,2019-02-09T13:00:00Z,,40,40,2019,2,9,,,,,,,,,,,,,,,Australia,AU,Australian Capital Territory,,,"Red Hill, ACT",,,,0.0,,,,,,,,-35.341634,149.136137,EPSG:4326,,,,,,,,,,,,,,,,,,,,,,,,,,,,,,,,,,,,michael.batley,2019-02-13T10:39:42,,,,621,,,,,,https://biodiversity.org.au/afd/taxa/0b21ed64-7e04-4b8e-8354-cadaadcb62bc,Amegilla sp. (genus),Amegilla,,,,,,,,Animalia,Arthropoda,Insecta,Hymenoptera,Apidae,Amegilla,,,,genus,,"Friese, 1897",,,,,"Insect Bee (Hymenoptera, Apiformes) ",,,,,,,,,,,,,,,,,473d798b-d234-4613-81ab-e49c46d47a8b,,,,,,,,,,4edcc0f0-7b18-4e4a-ae61-71f8554e0369 | bc8921a0-6f35-49f7-9e84-f108fa324f0c,
dr19123,NatureMapr,2b3e4d45-b08d-48bc-873d-0728ae35a800 | 5f3bba66-7b5c-405b-851b-9de22d2cd96c | c87318f2-6ed1-46c2-98e1-8f8f3aabb3ba,,,CC-BY 3.0 (Au),,,,,,,,,,,,HUMAN_OBSERVATION,,,"{""conservationLevel"": ""Local native"", ""sensitivityLevel"": ""Not Sensitive"", ""invasivenessLevel"": ""Non-invasive or negligible"", ""lastConfirmedByUserId"": 18405 ""AttributeId_21"": ""Poa sp."", ""AttributeId_11"": ""5mm to 12mm""}",https://naturemapr.org/sightings/4366241,4366241,,CathB,,,,,,,,,PRESENT,,,,,,,Several clusters of bees on two adjacent grass inflorescences,,,,,,,,,,2021-01-07T06:44:00Z,,7,7,2021,1,7,,,,,,,,,,,,,,,Australia,AU,Australian Capital Territory,,,"Cook, ACT",,,,565.3,,,,,,,,-35.267012,149.074097,EPSG:4326,,,,,,,,,,,,,,,,,,,,,,,,,,,,,,,,,,,,michael.batley,2021-01-10T04:51:30,,,,7788,,,,,,https://biodiversity.org.au/afd/taxa/bcd036d2-5252-440b-9ba2-238f03ed5171,Lipotriches sp. (genus),Lipotriches,,,,,,,,Animalia,Arthropoda,Insecta,Hymenoptera,Halictidae,Lipotriches,,,,genus,,"Gerstaecker, 1858",,,,,"Insect Bee (Hymenoptera, Apiformes) ",,,,,,,,,,,,,,,,,dd88a7d4-5819-48ee-9775-626d780934fd,,,,,,,,,,2b3e4d45-b08d-48bc-873d-0728ae35a800 | 5f3bba66-7b5c-405b-851b-9de22d2cd96c | c87318f2-6ed1-46c2-98e1-8f8f3aabb3ba,
dr1411,iNaturalist Australia,d21ce565-22be-410e-8735-db3f4a39b1df,2025-10-20T07:03:04Z,,CC-BY 4.0 (Int),Reiner Richter,,,https://www.inaturalist.org/observations/321707827,,,,iNaturalist,Observations,iNaturalist observations,,HUMAN_OBSERVATION,,,,https://www.inaturalist.org/observations/321707827,321707827,,Reiner Richter,,,,,,,,,PRESENT,,,,,,,,,,,,,,,,,2025-10-18T14:49:00Z,14:49:00+11:00,291,291,2025,10,18,2025/10/18 2:49 PM,,,,,,,,,,,,,,Australia,AU,Victoria,,,,"Yarra Ranges - Dandenongs, Victoria, Australia",,,,,,,,,,,-37.92573,145.326121,EPSG:4326,,,,,,,,,,,,,,,,,,,,,,,,,,,,,,,,,,,,,,,needs_id,,571277,,,,,,https://biodiversity.org.au/afd/taxa/6bfd0f61-112e-40c3-949e-a4bf22b1eda9,Parasphecodes,Lasioglossum (Parasphecodes),,,,,,,,Animalia,Arthropoda,Insecta,Hymenoptera,Halictidae,Lasioglossum,,,,subgenus,,"Smith, 1853",,,,,,,,,,,,,,,,,,,,,,57413dd3-ad6c-456b-8664-11260820f0d4,,,,,,,,,,d21ce565-22be-410e-8735-db3f4a39b1df,
dr1411,iNaturalist Australia,f71fce24-a9b3-41fb-8361-7eada4a39f5c,2026-01-07T00:49Z,,CC-BY-NC 4.0 (Int),deborod,,,https://www.inaturalist.org/observations/61559088,,,,iNaturalist,Observations,iNaturalist research-grade observations,,HUMAN_OBSERVATION,,,,https://www.inaturalist.org/observations/61559088,61559088,,deborod,,,,,,,,,PRESENT,,,,,,,,,,b9125db9-f1ed-461a-9bd1-bd0c68b8fba8,,,,,,,2020-10-03T11:17:00Z,11:17:00+10:00,277,277,2020,10,3,2020/10/03 12:17 PM AEST,,,,,,,,,,,,,,Australia,AU,Australian Capital Territory,,,,"Fadden Pines, Tuggeranong, ACT, Australia",,,,,,,,,,,-35.41135,149.128515,EPSG:4326,2.0,,,,,,,,,,,,,,,,,,,,,,,,,,,,,,,,134282296,,,deborod,2020-10-03T12:38:45Z,,research,,47219,,,,,,https://biodiversity.org.au/afd/taxa/4769c422-4a86-4c97-b828-4cd8fb3ac969,Apis mellifera,Apis (Apis) mellifera,,,,,,,,Animalia,Arthropoda,Insecta,Hymenoptera,Apidae,Apis,,,,species,,"Linnaeus, 1758",European Honey Bee,,,,,,,,,Apis mellifera,,,,,,,,,,,,98bc12fd-e0f4-4af8-b04b-e82617e067ee,,,,,,,,,,f71fce24-a9b3-41fb-8361-7eada4a39f5c,
dr1411,iNaturalist Australia,64256b20-095d-4ef1-8da3-fd28f5acd05d | fb994d71-3cbc-4224-8ad2-b70013a87663,2026-02-10T00:32:17Z,,CC-BY-NC 4.0 (Int),Catherine Grenfell,,,https://www.inaturalist.org/observations/337751558,,,,iNaturalist,Observations,iNaturalist research-grade observations,,HUMAN_OBSERVATION,,,,https://www.inaturalist.org/observations/337751558,337751558,,Catherine Grenfell,,,,,,,,,PRESENT,,,,,,,,,,,,,,,,,2026-02-07T15:02:00Z,15:02:00+11:00,38,38,2026,2,7,2026/02/07 3:02 PM,,,,,,,,,,,,,,Australia,AU,New South Wales,,,,"Lower Boro NSW 2580, Australia",,,,,,,,,,,-35.126333,149.735797,EPSG:4326,4.0,,,,,,,,,,,,,,,,,,,,,,,,,,,,,,,,759381966,,,Catherine Grenfell,2026-02-08T02:54:06Z,,research,,47219,,,,,,https://biodiversity.org.au/afd/taxa/4769c422-4a86-4c97-b828-4cd8fb3ac969,Apis mellifera,Apis (Apis) mellifera,,,,,,,,Animalia,Arthropoda,Insecta,Hymenoptera,Apidae,Apis,,,,species,,"Linnaeus, 1758",European Honey Bee,,,,,,,,,Apis mellifera,,,,,,,,,,,,91f478b8-eb3f-49bb-90c1-ad6dd3fa9c20,,,,,,,,,,64256b20-095d-4ef1-8da3-fd28f5acd05d | fb994d71-3cbc-4224-8ad2-b70013a87663,
dr1411,iNaturalist Australia,41f17e73-b563-4a40-870d-c11f0abce64c | 458d1bdb-95f0-4aa6-bf1a-a0b2f4245e7c | 66f17567-2923-41d7-bc0a-55d7ad698947 | d861394d-dd20-4d64-9301-cef676d5ff6d | faeaaa77-d8b0-4039-b799-398d9919680e,2025-07-21T01:57:27Z,,CC-BY-NC 4.0 (Int),heidi_d,,,https://www.inaturalist.org/observations/93229734,,,,iNaturalist,Observations,iNaturalist observations,,HUMAN_OBSERVATION,,,,https://www.inaturalist.org/observations/93229734,93229734,,heidi_d,,,,,,,,,PRESENT,,,,,,,,,,,,,,,,,2021-09-01T11:29:56Z,11:29:56+10:00,244,244,2021,9,1,2021-09-01 11:29:56,,,,,,,,,,,,,,Australia,AU,New South Wales,,,,Bocoble,,,,,,,,,,,-32.790887,149.718286,EPSG:4326,6012.0,,,,,,,,,,,,,,,,,,,,,,,,,,,,,,,,229946555,,,"Dr Kit Prendergast, the Bee Babette",2022-01-05T23:16:40Z,,needs_id,,556453,,,,,,https://biodiversity.org.au/afd/taxa/0eeb6514-d8b7-4897-9444-9ae56368161b,Trichocolletes,Trichocolletes,,,,,,,,Animalia,Arthropoda,Insecta,Hymenoptera,Colletidae,Trichocolletes,,,,genus,,"Cockerell, 1912",,,,,,,,,,,,,,,,,,,,,,717247af-02db-4af2-845b-0ffcbe2eb7be,,,,,,,,,,41f17e73-b563-4a40-870d-c11f0abce64c | 458d1bdb-95f0-4aa6-bf1a-a0b2f4245e7c | 66f17567-2923-41d7-bc0a-55d7ad698947 | d861394d-dd20-4d64-9301-cef676d5ff6d | faeaaa77-d8b0-4039-b799-398d9919680e,
dr1411,iNaturalist Australia,bc52d59f-1570-41a6-9d6c-4569a2e19a18 | f747ab9d-f372-4ae1-af40-22777f1c82fe,2025-06-20T06:37:12Z,,CC0,Michael Whitehead,,,https://www.inaturalist.org/observations/258363721,,,,iNaturalist,Observations,iNaturalist research-grade observations,,HUMAN_OBSERVATION,,,,https://www.inaturalist.org/observations/258363721,258363721,,Michael Whitehead,,,,,,,,,PRESENT,,,,,,,,,,,,,,,,,2025-01-13T19:12:00Z,19:12:00+11:00,13,13,2025,1,13,2025/01/13 7:12 PM,,,,,,,,,,,,,,Australia,AU,New South Wales,,,,"New South Wales, AU",,,,,,,,,,,-35.076345,149.338745,EPSG:4326,28734.0,,,,,,,,,,,,,,,,,,,,,,,,,,,,,,,,583029461,,,Michael Whitehead,2025-01-13T11:32:14Z,,research,,893393,,,,,,https://biodiversity.org.au/afd/taxa/18e66031-4f62-4b50-a92f-f636c9cda27f,Hylaeus nubilosus,Hylaeus (Hylaeorhiza) nubilosus,,,,,,,,Animalia,Arthropoda,Insecta,Hymenoptera,Colletidae,Hylaeus,,,,species,,"(Smith, 1853)",Plasterer Bee,,,,,,https://orcid.org/0000-0002-9038-5746,https://orcid.org/0000-0002-9038-5746,,Hylaeus nubilosus,,,,,,,,,,,,c234ffa6-31db-4e82-9d01-9cb7a1e242e9,,,,,,,,,,bc52d59f-1570-41a6-9d6c-4569a2e19a18 | f747ab9d-f372-4ae1-af40-22777f1c82fe,
dr1411,iNaturalist Australia,c696f4a6-a76a-4f90-b6fd-3389211528ff,2023-02-07T06:43:15Z,,CC-BY-NC 4.0 (Int),Linda Rogan EntSocVic,,,https://www.inaturalist.org/observations/147935806,,,,iNaturalist,Observations,iNaturalist observations,,HUMAN_OBSERVATION,,,,https://www.inaturalist.org/observations/147935806,147935806,,Linda Rogan EntSocVic,,,,,,,,,PRESENT,,,,,,,At least one other species amongst the Lasioglossum peraustrale with plan thorax,,,,,,,,,,2023-01-29T06:37:00Z,06:37:00+11:00,29,29,2023,1,29,2023/01/29 6:37 AM,,,,,,,,,,,,,,Australia,AU,Victoria,,,,"Melbourne VIC, Australia",,,,,,,,,,,-37.698816,145.112722,EPSG:4326,9.0,,,,,,,,,,,,,,,,,,,,,,,,,,,,,,,,,,,,,,needs_id,,57678,,,,,,https://biodiversity.org.au/afd/taxa/8609c4ec-3bc5-4dc8-af38-c55f0d6badc6,Lasioglossum,Lasioglossum,,,,,,,,Animalia,Arthropoda,Insecta,Hymenoptera,Halictidae,Lasioglossum,,,,genus,,"Curtis, 1833",,,,,,,,,,,,,,,,,,,,,,4a16d4bf-fcb2-4fa0-9168-eac3a6af371a,,,,,,,,,,c696f4a6-a76a-4f90-b6fd-3389211528ff,
dr19123,NatureMapr,aa6fa5f0-c539-432c-94ce-f09bc3eb5108 | bbc990d9-1271-45cd-a5da-12f63e4ef000,,,CC-BY 3.0 (Au),,,,,,,,,,,,HUMAN_OBSERVATION,,,"{""conservationLevel"": ""Exotic"", ""sensitivityLevel"": ""Not Sensitive"", ""invasivenessLevel"": ""Major weed or pest"", ""lastConfirmedByUserId"": 18405 }",https://naturemapr.org/sightings/3392258,3392258,,natureguy,1,,,,,,,,PRESENT,,,,,,,,,,021c8e7a-d539-4856-aa73-3a9055449577,,,,,,,2018-01-20T08:18:00Z,,20,20,2018,1,20,,,,,,,,,,,,,,,Australia,AU,New South Wales,,,"Wamboin, NSW",,,,0.0,,,,,,,,-35.262339,149.27409,EPSG:4326,,,,,,,,,,,,,,,,,,,,,,,,,,,,,,,,,,,,michael.batley,2018-03-03T06:12:17,,,,944,,,,,,https://biodiversity.org.au/afd/taxa/4769c422-4a86-4c97-b828-4cd8fb3ac969,Apis mellifera,Apis (Apis) mellifera,,,,,,,,Animalia,Arthropoda,Insecta,Hymenoptera,Apidae,Apis,,,,species,,"Linnaeus, 1758",European Honey Bee,,,,"Insect Bee (Hymenoptera, Apiformes) ",,,,,Apis mellifera,,,,,,,,,,,,ab4c9be0-42fd-4bf8-ba81-b949be7d8dc1,,,,,,,,,,aa6fa5f0-c539-432c-94ce-f09bc3eb5108 | bbc990d9-1271-45cd-a5da-12f63e4ef000,
dr19123,NatureMapr,e257ff2b-3454-434d-a732-54e6e1acbc69,,,CC-BY 3.0 (Au),,,,,,,,,,,,HUMAN_OBSERVATION,,,"{""conservationLevel"": ""Local native"", ""sensitivityLevel"": ""Not Sensitive"", ""invasivenessLevel"": ""Non-invasive or negligible"", ""lastConfirmedByUserId"": 18405 ""AttributeId_11"": ""5mm to 12mm""}",https://naturemapr.org/sightings/4414757,4414757,,Roger,1,,,,,,,,PRESENT,,,,,,,Although green to me it looks like a Lasioglossum ,,,,,,,,,,2021-12-28T23:29:00Z,,362,362,2021,12,28,,,,,,,,,,,,,,,Australia,AU,Australian Capital Territory,,,"Acton, ACT",,,,610.4,,,,,,,,-35.276598,149.109015,EPSG:4326,,,,,,,,,,,,,,,,,,,,,,,,,,,,,,,,,,,,michael.batley,2021-12-29T05:37:44,,,,7392,,,,,,https://biodiversity.org.au/afd/taxa/14078e74-30e2-47ea-8198-7cf57238f9cd,Leioproctus sp. (genus),Leioproctus,,,,,,,,Animalia,Arthropoda,Insecta,Hymenoptera,Colletidae,Leioproctus,,,,genus,,"Smith, 1853",,,,,"Insect Bee (Hymenoptera, Apiformes) ",,,,,,,,,,,,,,,,,b056be92-761b-4bd9-8111-cc230389613d,,,,,,,,,,e257ff2b-3454-434d-a732-54e6e1acbc69,
dr1411,iNaturalist Australia,16bafe61-bd40-4f42-a954-befff333f476 | 8fa8cbc2-d0af-4510-9f2a-ca14700b68a8 | a9b0d355-c3fe-487d-b0dd-839866b91c25 | e650bdaf-7cf5-420f-910e-f4fd9ec20504 | e8d9d9fa-d225-4811-8383-f0fd94eb520e,2025-12-16T02:06:19Z,,CC-BY-NC 4.0 (Int),robyn apps,,,https://www.inaturalist.org/observations/330918544,,,,iNaturalist,Observations,iNaturalist observations,,HUMAN_OBSERVATION,,,,https://www.inaturalist.org/observations/330918544,330918544,,robyn apps,,,,,,,,,PRESENT,,,,,,,,,,,,,,,,,2025-12-16T12:52:44Z,12:52:44+11:00,350,350,2025,12,16,2025-12-16 12:52:44+11:00,,,,,,,,,,,,,,Australia,AU,New South Wales,,,,"Yarra School Rd, Yarra, NSW, AU",,,,,,,,,,,-34.791485,149.623529,EPSG:4326,10.0,,,,,,,,,,,,,,,,,,,,,,,,,,,,,,,,,,,,,,needs_id,,395390,,,,,,https://biodiversity.org.au/afd/taxa/ac48e985-2adb-4c1e-bce9-39906cf6761d,Podalonia tydei,Podalonia tydei,,,,,,,,Animalia,Arthropoda,Insecta,Hymenoptera,Sphecidae,Podalonia,,,,species,,"(Le Guillou, 1841)",Wasp,,,,,,,,,Podalonia tydei,,,,,,,,,,,,865ed711-5716-4ebe-b398-05134438ca2f,,,,,,,,,,16bafe61-bd40-4f42-a954-befff333f476 | 8fa8cbc2-d0af-4510-9f2a-ca14700b68a8 | a9b0d355-c3fe-487d-b0dd-839866b91c25 | e650bdaf-7cf5-420f-910e-f4fd9ec20504 | e8d9d9fa-d225-4811-8383-f0fd94eb520e,
dr19123,NatureMapr,06d4cf5d-3464-4ec0-b616-c36596984edc | 5c9c3dd1-fb51-49ee-b56b-eb71f3a4b915 | 90faae40-88fa-4c0e-ba38-b2f9bf8b51cf | c772eec9-0a70-4123-a569-3c0908c024af | d068a5ab-c14a-48a0-8493-953c732d3f91,,,CC-BY 3.0 (Au),,,,,,,,,,,,HUMAN_OBSERVATION,,,"{""conservationLevel"": ""Local native"", ""sensitivityLevel"": ""Not Sensitive"", ""invasivenessLevel"": ""Non-invasive or negligible"", ""lastConfirmedByUserId"": 4030 ""AttributeId_11"": ""25mm to 50mm""}",https://naturemapr.org/sightings/4246563,4246563,,Jubeyjubes,,,,,,,,,PRESENT,,,,,,,,,,5c1d9272-8f90-4538-b135-c709813a8c88,,,,,,,2019-12-27T06:17:00Z,,361,361,2019,12,27,,,,,,,,,,,,,,,Australia,AU,New South Wales,,,"Geehi, NSW",,,,0.0,,,,,,,,-36.368844,148.173878,EPSG:4326,,,,,,,,,,,,,,,,,,,,,,,,,,,,,,,,,,,,MichaelMulvaney,2020-03-09T09:49:46,,,,10672,,,,,,https://biodiversity.org.au/afd/taxa/ac48e985-2adb-4c1e-bce9-39906cf6761d,Podalonia tydei,Podalonia tydei,,,,,,,,Animalia,Arthropoda,Insecta,Hymenoptera,Sphecidae,Podalonia,,,,species,,"(Le Guillou, 1841)",Wasp,,,,"Insect Wasp (Hymenoptera, Apocrita) Sand or digger wasp (Crabronidae or Sphecidae)",,,,,Podalonia tydei,,,,,,,,,,,,57f74d6e-ed90-41fa-9f68-eddf01b908f5,,,,,,,,,,06d4cf5d-3464-4ec0-b616-c36596984edc | 5c9c3dd1-fb51-49ee-b56b-eb71f3a4b915 | 90faae40-88fa-4c0e-ba38-b2f9bf8b51cf | c772eec9-0a70-4123-a569-3c0908c024af | d068a5ab-c14a-48a0-8493-953c732d3f91,
dr19123,NatureMapr,10196475-0969-4b32-84d6-178c20abfbfa | 323a6a72-a3cf-42be-84bd-9020605d1fb3 | 854df4e6-a6fa-4794-a0aa-1fb1cdbb0f4d | a8c25211-6923-47fe-ab6a-7d3dcbf8c280,,,CC-BY 3.0 (Au),,,,,,,,,,,,HUMAN_OBSERVATION,,,"{""conservationLevel"": ""Local native"", ""sensitivityLevel"": ""Not Sensitive"", ""invasivenessLevel"": ""Non-invasive or negligible"", ""lastConfirmedByUserId"": 17971 ""AttributeId_21"": ""Hakea"", ""AttributeId_11"": ""5mm to 12mm""}",https://naturemapr.org/sightings/4691142,4691142,,Miranda,,,,,,,,,PRESENT,,,,,,,,,,,,,,,,,2025-08-19T02:30:00Z,,231,231,2025,8,19,,,,,,,,,,,,,,,Australia,AU,Australian Capital Territory,,,"Aranda, ACT",,,,621.59,,,,,,,Aranda Bushland,-35.267572,149.079972,EPSG:4326,,,,,,,,,,,,,,,,,,,,,,,,,,,,,,,,,,,,PeterA,2025-09-03T12:32:16,,,,7283,,,,,,https://biodiversity.org.au/afd/taxa/8609c4ec-3bc5-4dc8-af38-c55f0d6badc6,Lasioglossum (Chilalictus) sp. (genus & subgenus),Lasioglossum,,,,,,,,Animalia,Arthropoda,Insecta,Hymenoptera,Halictidae,Lasioglossum,,,,genus,,"Curtis, 1833",,,,,"Insect Bee (Hymenoptera, Apiformes) ",,,,,,,,,,,,,,,,,5b1ec34a-5a19-4b5e-88ce-676cef10a6b2,,,,,,,,,,10196475-0969-4b32-84d6-178c20abfbfa | 323a6a72-a3cf-42be-84bd-9020605d1fb3 | 854df4e6-a6fa-4794-a0aa-1fb1cdbb0f4d | a8c25211-6923-47fe-ab6a-7d3dcbf8c280,
dr1411,iNaturalist Australia,c65f0ae5-b148-4d11-a95a-8f086b762584,2025-11-28T04:48:33Z,,CC-BY-NC 4.0 (Int),William Dynes,,,https://www.inaturalist.org/observations/256258586,,,,iNaturalist,Observations,iNaturalist research-grade observations,,HUMAN_OBSERVATION,,,,https://www.inaturalist.org/observations/256258586,256258586,,William Dynes,,,,,,,,,PRESENT,,,,,,,,,,,,,,,,,2024-12-26T10:27:08Z,10:27:08+11:00,361,361,2024,12,26,2024-12-26 10:27:08,,,,,,,,,,,,,,Australia,AU,Victoria,,,,"Victoria, AU",,,,,,,,,,,-37.07706,145.467477,EPSG:4326,28447.0,,,,,,,,,,,,,,,,,,,,,,,,,,,,,,,,577234229,,,William Dynes,2024-12-26T11:33:05Z,,research,,326131,,,,,,https://biodiversity.org.au/afd/taxa/1a03ac28-58ba-46c9-a175-fe9cf12c6cf5,Sceliphron laetum,Sceliphron laetum,,,,,,,,Animalia,Arthropoda,Insecta,Hymenoptera,Sphecidae,Sceliphron,,,,species,,"(Smith, 1856)",Common Mud Daubler,,,,,,,,,Sceliphron laetum,,,,,,,,,,,,f3034462-4d6d-413e-a1c4-bb9c8ebe6a57,,,,,,,,,,c65f0ae5-b148-4d11-a95a-8f086b762584,
dr19123,NatureMapr,093d9968-a380-4014-b8da-4ecd685a2fbc | 6cfc19d9-87ed-4ebb-b744-f722cc601e9b,,,CC-BY 3.0 (Au),,,,,,,,,,,,HUMAN_OBSERVATION,,,"{""conservationLevel"": ""Exotic"", ""sensitivityLevel"": ""Not Sensitive"", ""invasivenessLevel"": ""Major weed or pest"", ""lastConfirmedByUserId"": 17895 ""AttributeId_81"": ""True"", ""AttributeId_11"": ""12mm to 25mm""}",https://naturemapr.org/sightings/3383919,3383919,,Christine,,,,,,,,,PRESENT,,,,,,,Photos were take about 40m apart.,,,ce3ab66e-5a3e-4fe6-a3c1-0b722155e8d9,,,,,,,2011-10-11T13:00:00Z,,284,284,2011,10,11,,,,,,,,,,,,,,,Australia,AU,Australian Capital Territory,,,"Latham, ACT",,,,0.0,,,,,,,,-35.210619,149.034938,EPSG:4326,,,,,,,,,,,,,,,,,,,,,,,,,,,,,,,,,,,,KimPullen,2017-10-26T12:34:15,,,,944,,,,,,https://biodiversity.org.au/afd/taxa/4769c422-4a86-4c97-b828-4cd8fb3ac969,Apis mellifera,Apis (Apis) mellifera,,,,,,,,Animalia,Arthropoda,Insecta,Hymenoptera,Apidae,Apis,,,,species,,"Linnaeus, 1758",European Honey Bee,,,,"Insect Bee (Hymenoptera, Apiformes) ",,,,,Apis mellifera,,,,,,,,,,,,59f30351-0fe9-46bf-a115-87e0ac5b54e2,,,,,,,,,,093d9968-a380-4014-b8da-4ecd685a2fbc | 6cfc19d9-87ed-4ebb-b744-f722cc601e9b,
dr1411,iNaturalist Australia,8a928819-0413-4311-92a1-1c5166f785af | cf06fc6a-538f-4721-8f62-276ea149300d | ecd20b43-0c21-4734-9297-93aa92b88559 | fc572947-413b-4b48-9813-3534c0fccf7f,2025-06-09T19:38:12Z,,CC-BY-NC 4.0 (Int),Kim McCloughan,,,https://www.inaturalist.org/observations/257179182,,,,iNaturalist,Observations,iNaturalist observations,,HUMAN_OBSERVATION,,,,https://www.inaturalist.org/observations/257179182,257179182,,Kim McCloughan,,,,,,,,,PRESENT,,,,,,,,,,,,,,,,,2025-01-03T10:24:11Z,10:24:11+11:00,3,3,2025,1,3,2025-01-03 10:24:11+11:00,,,,,,,,,,,,,,Australia,AU,New South Wales,,,,"Gundowda Rd, Hargraves, NSW, AU",,,,,,,,,,,-32.785504,149.462603,EPSG:4326,29.0,,,,,,,,,,,,,,,,,,,,,,,,,,,,,,,,645948004,,,Asaph Whelan,2025-06-09T04:45:56Z,,needs_id,,415214,,,,,,https://biodiversity.org.au/afd/taxa/bb5263c1-aa3e-4dfa-9489-88af00cccfe7,Chilalictus,Lasioglossum (Chilalictus),,,,,,,,Animalia,Arthropoda,Insecta,Hymenoptera,Halictidae,Lasioglossum,,,,subgenus,,"Michener, 1965",,,,,,,,,,,,,,,,,,,,,,42213c24-28b4-44c8-974b-37ffca86de2c,,,,,,,,,,8a928819-0413-4311-92a1-1c5166f785af | cf06fc6a-538f-4721-8f62-276ea149300d | ecd20b43-0c21-4734-9297-93aa92b88559 | fc572947-413b-4b48-9813-3534c0fccf7f,
dr1411,iNaturalist Australia,84166436-69d6-48ea-a7aa-2778a2bf5ae2 | c5ddb57d-084d-494e-929a-c34bbc31fe5b | cf0f7ef6-b0ab-4422-beef-4b03375a5437 | eeea0ab4-8477-4dd7-be03-77e70d10bc04,2026-02-09T02:14:15Z,,CC-BY-NC 4.0 (Int),alittlebitfloral,,,https://www.inaturalist.org/observations/334578361,,,,iNaturalist,Observations,iNaturalist observations,,HUMAN_OBSERVATION,,,,https://www.inaturalist.org/observations/334578361,334578361,,alittlebitfloral,,,,,,,,,PRESENT,,,,,,,,,,,,,,,,,2026-01-13T16:53:55Z,16:53:55+11:00,13,13,2026,1,13,2026-01-13 16:53:55,,,,,,,,,,,,,,Australia,AU,New South Wales,,,,"Meadows La, Carwoola, NSW, AU",,,,,,,,,,,-35.339363,149.283128,EPSG:4326,2.0,,,,,,,,,,,,,,,,,,,,,,,,,,,,,,,,749824064,,,Karla Salp,2026-01-13T07:52:54Z,,needs_id,,199450,,,,,,https://biodiversity.org.au/afd/taxa/0b21ed64-7e04-4b8e-8354-cadaadcb62bc,Amegilla,Amegilla,,,,,,,,Animalia,Arthropoda,Insecta,Hymenoptera,Apidae,Amegilla,,,,genus,,"Friese, 1897",,,,,,,,,,,,,,,,,,,,,,eba2fceb-ea23-4447-8731-68a003fd43c2,,,,,,,,,,84166436-69d6-48ea-a7aa-2778a2bf5ae2 | c5ddb57d-084d-494e-929a-c34bbc31fe5b | cf0f7ef6-b0ab-4422-beef-4b03375a5437 | eeea0ab4-8477-4dd7-be03-77e70d10bc04,
dr1411,iNaturalist Australia,ade8b397-99b9-42d7-8a34-f6566da63dc8,2025-10-10T00:14:04Z,,CC-BY 4.0 (Int),Reiner Richter,,,https://www.inaturalist.org/observations/195599367,,,,iNaturalist,Observations,iNaturalist research-grade observations,,HUMAN_OBSERVATION,,,,https://www.inaturalist.org/observations/195599367,195599367,,Reiner Richter,,,,FEMALE,,,,,PRESENT,,,,,,,,,,,,,,,,,2024-01-01T11:25:00Z,11:25:00+11:00,1,1,2024,1,1,2024/01/01 11:25 AM,,,,,,,,,,,,,,Australia,AU,Victoria,,,,"Warburton VIC 3799, Australia",,,,,,,,,,,-37.751168,145.699883,EPSG:4326,,,,,,,,,,,,,,,,,,,,,,,,,,,,,,,,,439995823,,,Reiner Richter,2024-01-02T20:52:59Z,,research,,47219,,,,,,https://biodiversity.org.au/afd/taxa/4769c422-4a86-4c97-b828-4cd8fb3ac969,Apis mellifera,Apis (Apis) mellifera,,,,,,,,Animalia,Arthropoda,Insecta,Hymenoptera,Apidae,Apis,,,,species,,"Linnaeus, 1758",European Honey Bee,,,,,,,,,Apis mellifera,,,,,,,,,,,,95180fea-39c2-4717-ab7a-51541c669b70,,,,,,,,,,ade8b397-99b9-42d7-8a34-f6566da63dc8,
dr1411,iNaturalist Australia,578c7d58-d409-4af6-999e-2f2d9be62d80 | 7ea5d80f-cb50-4336-a528-62e2bdf2d584 | e68f3c51-03e9-4821-a622-cfc21b7ee650,2026-02-13T05:42:43Z,,CC-BY-NC 4.0 (Int),Hauke Koch,,,https://www.inaturalist.org/observations/150462263,,,,iNaturalist,Observations,iNaturalist research-grade observations,,HUMAN_OBSERVATION,,,"{""evidenceOfPresence"":""organism""}",https://www.inaturalist.org/observations/150462263,150462263,,Hauke Koch,,,,,"{""concept"": ""Adult"", ""lineage"": [""Adult""]}",,,,PRESENT,,,,,,,,,,,,,,,,,2023-03-07T13:39:38Z,13:39:38+11:00,66,66,2023,3,7,2023-03-07 13:39:38+11:00,,,,,,,,,,,,,,Australia,AU,Australian Capital Territory,,,,"Australian National Botanic Gardens, Canberra Central, ACT, AU",,,,,,,,,,,-35.274145,149.109361,EPSG:4326,4.0,,,,,,,,,,,,,,,,,,,,,,,,,,,,,,,,339587120,,,Peter Abbott,2023-03-08T11:44:42Z,,research,"Hauke, following communication with Michael Batley, it seems pretty conclusive that M. chrysopyga is a WA species not found on the east coast. The sightings indentified on the east coast as M. chrysopyga are very likely M. maculariformis.",1437372,,,,,,https://biodiversity.org.au/afd/taxa/aa5001eb-6656-4e3c-ab08-08681ff0c3ac,Megachile maculariformis,Megachile (Eutricharaea) maculariformis,,,,,,,,Animalia,Arthropoda,Insecta,Hymenoptera,Megachilidae,Megachile,,,,species,,"Cockerell, 1907",Bee,,,,,,,,,Megachile maculariformis,,,,,,,,,,,,69522b50-3aee-4abd-a2be-e48caf5e3fd5,,,,,,,,,,578c7d58-d409-4af6-999e-2f2d9be62d80 | 7ea5d80f-cb50-4336-a528-62e2bdf2d584 | e68f3c51-03e9-4821-a622-cfc21b7ee650,
dr1411,iNaturalist Australia,0d048c8f-7523-41eb-85ce-2f9b5d7da980 | 2c9f2831-d0cd-4161-b7c7-f6bc1b8c7dd0,2026-04-06T03:59:35Z,,CC-BY-NC 4.0 (Int),Carol Page,,,https://www.inaturalist.org/observations/37771010,,,,iNaturalist,Observations,iNaturalist research-grade observations,,HUMAN_OBSERVATION,,,,https://www.inaturalist.org/observations/37771010,37771010,,Carol Page,,,,,,,,,PRESENT,,,,,,,,,,,,,,,,,2019-11-20T13:20:00Z,13:20:00+11:00,324,324,2019,11,20,2019/11/20 1:20 PM AEDT,,,,,,,,,,,,,,Australia,AU,Victoria,,,,"Tynong North VIC 3813, Australia",,,,,,,,,,,-38.026381,145.626928,EPSG:4326,190.0,,,,,,,,,,,,,,,,,,,,,,,,,,,,,,,,84307737,,,Carol Page,2020-01-20T04:20:49Z,,research,,47219,,,,,,https://biodiversity.org.au/afd/taxa/4769c422-4a86-4c97-b828-4cd8fb3ac969,Apis mellifera,Apis (Apis) mellifera,,,,,,,,Animalia,Arthropoda,Insecta,Hymenoptera,Apidae,Apis,,,,species,,"Linnaeus, 1758",European Honey Bee,,,,,,,,,Apis mellifera,,,,,,,,,,,,00f17b14-16f6-41f9-89b7-a215c0387253,,,,,,,,,,0d048c8f-7523-41eb-85ce-2f9b5d7da980 | 2c9f2831-d0cd-4161-b7c7-f6bc1b8c7dd0,
dr19123,NatureMapr,bee22992-0726-4305-aa50-2aecb7e1d01d,,,CC-BY 3.0 (Au),,,,,,,,,,,,HUMAN_OBSERVATION,,,"{""conservationLevel"": ""Local native"", ""sensitivityLevel"": ""Not Sensitive"", ""invasivenessLevel"": ""Non-invasive or negligible"", ""lastConfirmedByUserId"": 17971 ""AttributeId_21"": ""Kunzea"", ""AttributeId_11"": ""5mm to 12mm""}",https://naturemapr.org/sightings/4714957,4714957,,DianneClarke,,,,,,,,,PRESENT,,,,,,,,,,,,,,,,,2025-12-14T00:06:00Z,,348,348,2025,12,14,,,,,,,,,,,,,,,Australia,AU,New South Wales,,,"Jerrabomberra, NSW",,,,0.0,,,,,,,Diuris aequalis target area,-35.38218,149.21733,EPSG:4326,,,,,,,,,,,,,,,,,,,,,,,,,,,,,,,,,,,,PeterA,2025-12-16T11:02:50,,,,14923,,,,,,https://biodiversity.org.au/afd/taxa/217957ef-12eb-4e75-a378-30e1d3849737,Megachile (Hackeriapis) rhodura,Megachile (Hackeriapis) rhodura,,,,,,,,Animalia,Arthropoda,Insecta,Hymenoptera,Megachilidae,Megachile,,,,species,,"Cockerell, 1906",Bee,,,,"Insect Bee (Hymenoptera, Apiformes) None",,,,,Megachile rhodura,,,,,,,,,,,,068b34c2-a2ac-4bb5-90e7-b9f576a331a7,,,,,,,,,,bee22992-0726-4305-aa50-2aecb7e1d01d,
dr1411,iNaturalist Australia,5fc037a1-bddc-47ab-a32a-f94afc8adc09 | 692bdb4c-3b93-4378-8cfe-492fb93c6107 | 88f98bdb-74e4-4db3-a0d7-10feaea54b9c | 9e2f01a3-f6c6-47cc-b832-45d0cdded91b | ded6549e-67f8-41b3-9746-23a5ada45c6b,2025-09-07T06:33:12Z,,CC-BY-NC 4.0 (Int),Carmen Rodda,,,https://www.inaturalist.org/observations/308656894,,,,iNaturalist,Observations,iNaturalist observations,,HUMAN_OBSERVATION,,,,https://www.inaturalist.org/observations/308656894,308656894,,Carmen Rodda,,,,FEMALE,,,,,PRESENT,,,,,,,Approx 10mm in length.,,,,,,,,,,2024-12-13T11:52:00Z,11:52:00+11:00,348,348,2024,12,13,2024/12/13 11:52 AM,,,,,,,,,,,,,,Australia,AU,Victoria,,,,"Selby VIC 3159, Australia",,,,,,,,,,,-37.922318,145.371055,EPSG:4326,,,,,,,,,,,,,,,,,,,,,,,,,,,,,,,,,693853957,,,Thanakrit (Austin) Wongsatit,2025-09-07T05:18:10Z,,needs_id,,578059,,,,,,https://biodiversity.org.au/afd/taxa/2d0be49c-c8d5-435b-a405-f419f2dd0d00,Zonamegilla,Amegilla (Zonamegilla),,,,,,,,Animalia,Arthropoda,Insecta,Hymenoptera,Apidae,Amegilla,,,,subgenus,,"Popov, 1950",,,,,,,,,,,,,,,,,,,,,,75efeea3-a649-43ac-a771-88e729f90037,,,,,,,,,,5fc037a1-bddc-47ab-a32a-f94afc8adc09 | 692bdb4c-3b93-4378-8cfe-492fb93c6107 | 88f98bdb-74e4-4db3-a0d7-10feaea54b9c | 9e2f01a3-f6c6-47cc-b832-45d0cdded91b | ded6549e-67f8-41b3-9746-23a5ada45c6b,
